{"cameraMode":{"drawMode":0,"name":"Shaded","section":"Shading Mode"},"sceneLighting":true,"audioPlay":false,"sceneViewState":{"m_AlwaysRefresh":false,"showFog":true,"showSkybox":false,"showFlares":true,"showImageEffects":true,"showParticleSystems":true,"showVisualEffectGraphs":true,"m_FxEnabled":true},"in2DMode":false,"pivot":{"x":0.000003263736061853706,"y":0.000002414097252767533,"z":0.000003058081347262487},"rotation":{"x":0.4122742712497711,"y":-0.04097224026918411,"z":0.01857255958020687,"w":0.909973680973053},"size":1.8000173568725587,"orthographic":false}