{"cameraMode":{"drawMode":0,"name":"Shaded","section":"Shading Mode"},"sceneLighting":false,"audioPlay":false,"sceneViewState":{"m_AlwaysRefresh":false,"showFog":true,"showSkybox":false,"showFlares":true,"showImageEffects":true,"showParticleSystems":true,"showVisualEffectGraphs":true,"m_FxEnabled":true},"in2DMode":false,"pivot":{"x":-6.8365278244018559,"y":-0.039999961853027347,"z":-21.695091247558595},"rotation":{"x":0.31565573811531069,"y":-0.20696808397769929,"z":0.0707489624619484,"w":0.9233672022819519},"size":5.792109489440918,"orthographic":false}