{"cameraMode":{"drawMode":0,"name":"Shaded","section":"Shading Mode"},"sceneLighting":true,"audioPlay":false,"sceneViewState":{"m_AlwaysRefresh":false,"showFog":true,"showSkybox":false,"showFlares":true,"showImageEffects":true,"showParticleSystems":true,"showVisualEffectGraphs":true,"m_FxEnabled":true},"in2DMode":false,"pivot":{"x":4.56142520904541,"y":-0.011250495910644532,"z":-0.3852097988128662},"rotation":{"x":0.6970899701118469,"y":-0.00043986833770759404,"z":0.00038996984949335456,"w":0.7170137763023377},"size":9.728528022766114,"orthographic":false}