{"cameraMode":{"drawMode":0,"name":"Shaded","section":"Shading Mode"},"sceneLighting":false,"audioPlay":false,"sceneViewState":{"m_AlwaysRefresh":false,"showFog":true,"showSkybox":false,"showFlares":true,"showImageEffects":true,"showParticleSystems":true,"showVisualEffectGraphs":true,"m_FxEnabled":true},"in2DMode":false,"pivot":{"x":0.11381027102470398,"y":0.016999438405036928,"z":0.11337846517562866},"rotation":{"x":0.20331482589244843,"y":-0.03817390650510788,"z":0.00793504435569048,"w":0.9783467650413513},"size":0.5660253763198853,"orthographic":false}