{"cameraMode":{"drawMode":0,"name":"Shaded","section":"Shading Mode"},"sceneLighting":false,"audioPlay":false,"sceneViewState":{"m_AlwaysRefresh":false,"showFog":true,"showSkybox":false,"showFlares":true,"showImageEffects":true,"showParticleSystems":true,"showVisualEffectGraphs":true,"m_FxEnabled":true},"in2DMode":false,"pivot":{"x":-0.030153512954711915,"y":-0.008299708366394043,"z":-0.045790016651153567},"rotation":{"x":-0.08142673969268799,"y":0.4954345226287842,"z":-0.04844916611909866,"w":-0.864321231842041},"size":0.8416981101036072,"orthographic":false}