{"cameraMode":{"drawMode":0,"name":"Shaded","section":"Shading Mode"},"sceneLighting":false,"audioPlay":false,"sceneViewState":{"m_AlwaysRefresh":false,"showFog":true,"showSkybox":false,"showFlares":true,"showImageEffects":true,"showParticleSystems":true,"showVisualEffectGraphs":true,"m_FxEnabled":true},"in2DMode":false,"pivot":{"x":0.1139458417892456,"y":0.017006754875183107,"z":0.11364233493804932},"rotation":{"x":0.20331482589244843,"y":-0.03817390650510788,"z":0.00793504435569048,"w":0.9783467650413513},"size":1.3094910383224488,"orthographic":false}