{"cameraMode":{"drawMode":0,"name":"Shaded","section":"Shading Mode"},"sceneLighting":false,"audioPlay":false,"sceneViewState":{"m_AlwaysRefresh":false,"showFog":true,"showSkybox":false,"showFlares":true,"showImageEffects":true,"showParticleSystems":true,"showVisualEffectGraphs":true,"m_FxEnabled":true},"in2DMode":false,"pivot":{"x":-2.5206117630004885,"y":-3.7235360145568849,"z":1.6125693321228028},"rotation":{"x":-0.03445334732532501,"y":-0.7135470509529114,"z":0.03179648518562317,"w":-0.7000543475151062},"size":3.1224098205566408,"orthographic":false}